antecedents,consequents,antecedent support,consequent support,support,confidence,lift,representativity,leverage,conviction,zhangs_metric,jaccard,certainty,kulczynski
"frozenset({'soda', 'sausage', 'whole milk'})",frozenset({'rolls/buns'}),0.04002052334530529,0.3496664956387891,0.02103642893791688,0.5256410256410255,1.5032639163233439,1.0,0.007042592786133631,1.370973333518228,0.3487374692025915,0.05706332637439109,0.27059121023618055,0.2929012171491995
"frozenset({'yogurt', 'bottled water', 'other vegetables'})",frozenset({'whole milk'}),0.0323242688558235,0.4581836839404823,0.022062596203181118,0.6825396825396826,1.489663876002062,1.0,0.007252143618137308,1.706721395587481,0.33968778514883224,0.04709748083242059,0.41408128908128905,0.36534598908619065
"frozenset({'other vegetables', 'sausage', 'whole milk'})",frozenset({'rolls/buns'}),0.050282195997947664,0.3496664956387891,0.02616726526423807,0.5204081632653061,1.488298620989115,1.0,0.008585265996612964,1.3560145410084823,0.34546244213514693,0.07000686341798217,0.2625447812261,0.29762154311467803
"frozenset({'root vegetables', 'newspapers'})",frozenset({'rolls/buns'}),0.03873781426372499,0.3496664956387891,0.020010261672652643,0.5165562913907285,1.4772827761122962,1.0,0.006464945910349627,1.3452103994320936,0.3361013597202549,0.05431754874651811,0.25662186344814975,0.2868914985933833
"frozenset({'soda', 'bottled water', 'whole milk'})",frozenset({'other vegetables'}),0.04002052334530529,0.3766033863519754,0.022062596203181118,0.5512820512820512,1.4638265912107873,1.0,0.006990731587760861,1.389283881844169,0.3300684871912793,0.05591677503250975,0.2802047061306319,0.3049325787745406
frozenset({'cat food'}),frozenset({'other vegetables'}),0.04386865059004618,0.3766033863519754,0.024114930733709596,0.5497076023391813,1.4596459359115317,1.0,0.0075938483668066235,1.3844262458936651,0.32935051293322454,0.060841423948220064,0.2776791086082833,0.3068701499434326
"frozenset({'yogurt', 'bottled water', 'whole milk'})",frozenset({'other vegetables'}),0.04027706516162134,0.3766033863519754,0.022062596203181118,0.5477707006369427,1.454502854961037,1.0,0.0068941170709953484,1.3784967372216883,0.32559382828866806,0.05588044184535413,0.2745720950958035,0.30317690345198633
"frozenset({'yogurt', 'sausage', 'whole milk'})",frozenset({'rolls/buns'}),0.044894817855310416,0.3496664956387891,0.022832221652129298,0.5085714285714286,1.4544471229430878,1.0,0.007134008020321169,1.3233530612001383,0.3271404298213053,0.061421670117322295,0.2443437588052973,0.2869342836180694
"frozenset({'UHT-milk', 'whole milk'})",frozenset({'other vegetables'}),0.040533606977937404,0.3766033863519754,0.022062596203181118,0.5443037974683544,1.445297140689132,1.0,0.006797502554229833,1.3680092355053874,0.32111677652033327,0.05584415584415584,0.26901078293483355,0.3014434518676922
"frozenset({'shopping bags', 'bottled beer'})",frozenset({'whole milk'}),0.030271934325295024,0.4581836839404823,0.020010261672652643,0.6610169491525424,1.4426898475904872,1.0,0.006140155283484631,1.5983581323755773,0.31642924976258313,0.04271631982475356,0.3743579866461222,0.35234498073528575
"frozenset({'citrus fruit', 'sausage'})",frozenset({'other vegetables'}),0.039250897896357106,0.3766033863519754,0.02129297075423294,0.542483660130719,1.4404641057149474,1.0,0.006510949689109228,1.362566884116397,0.3182717518940917,0.053966189856957086,0.2660910729175073,0.2995115848337519
"frozenset({'yogurt', 'rolls/buns', 'other vegetables'})",frozenset({'whole milk'}),0.05233453052847614,0.4581836839404823,0.03437660338635198,0.6568627450980392,1.4336231693125179,1.0,0.010397775391519141,1.579007549659166,0.31917025592125997,0.07219827586206898,0.3666908051099227,0.36594537030937796
"frozenset({'shopping bags', 'canned beer'})",frozenset({'whole milk'}),0.0336069779374038,0.4581836839404823,0.022062596203181118,0.6564885496183206,1.4328064761546548,1.0,0.006664427245714935,1.5772874978621516,0.31257369691507025,0.04696886947023484,0.3660001734906314,0.35232042262550967
"frozenset({'sausage', 'rolls/buns', 'whole milk'})",frozenset({'other vegetables'}),0.04874294510005131,0.3766033863519754,0.02616726526423807,0.5368421052631579,1.4254840097519001,1.0,0.007810507078790323,1.3459699612855078,0.3137783700319394,0.06555269922879177,0.25704136885423434,0.30316219704574787
"frozenset({'yogurt', 'frankfurter'})",frozenset({'other vegetables'}),0.04207285787583376,0.3766033863519754,0.022575679835813236,0.5365853658536586,1.4248022861700007,1.0,0.006730899086268866,1.345224271556264,0.3112431221697424,0.056994818652849735,0.25662952925825555,0.298265434970426
"frozenset({'yogurt', 'soda', 'other vegetables'})",frozenset({'whole milk'}),0.043099025141098,0.4581836839404823,0.027963057978450487,0.6488095238095237,1.416046765850797,1.0,0.008215787865058739,1.5427990016609994,0.3070418378139065,0.05907859078590785,0.35182742604617584,0.3549198794859489
"frozenset({'yogurt', 'tropical fruit', 'other vegetables'})",frozenset({'whole milk'}),0.032837352488455616,0.4581836839404823,0.02129297075423294,0.6484375000000001,1.4152348124300114,1.0,0.006247431620220182,1.541166410124851,0.30336518487744085,0.04533042053522665,0.35114080255681834,0.34745503219484886
"frozenset({'bottled water', 'pip fruit'})",frozenset({'other vegetables'}),0.040533606977937404,0.3766033863519754,0.021549512570549,0.5316455696202532,1.4116855792777567,1.0,0.006284418921597715,1.331036012924161,0.303947033358798,0.054474708171206226,0.24870552690524567,0.29443313903355983
"frozenset({'pastry', 'rolls/buns', 'other vegetables'})",frozenset({'whole milk'}),0.0323242688558235,0.4581836839404823,0.02077988712160082,0.6428571428571428,1.4030555111182208,1.0,0.00596943453655701,1.5170856849666494,0.29686579474490393,0.04423812124522119,0.34084145021645007,0.3441049432090865
"frozenset({'shopping bags', 'rolls/buns', 'other vegetables'})",frozenset({'whole milk'}),0.032837352488455616,0.4581836839404823,0.02103642893791688,0.640625,1.398183790593505,1.0,0.00599088980390412,1.5076627925134407,0.29445558646567893,0.04475982532751092,0.336721709280303,0.34326882698768196
"frozenset({'yogurt', 'sausage', 'rolls/buns'})",frozenset({'whole milk'}),0.035659312467932275,0.4581836839404823,0.022832221652129298,0.6402877697841727,1.3974477752624328,1.0,0.006493706498787315,1.5062493586454595,0.2949266330096158,0.04847494553376906,0.3360993023762808,0.3450598983299363
"frozenset({'frozen vegetables', 'rolls/buns'})",frozenset({'other vegetables'}),0.04104669061056952,0.3766033863519754,0.021549512570549,0.525,1.3940395095367848,1.0,0.0060911898880666865,1.3124139234695258,0.29475910214272977,0.054404145077720206,0.23804526748971194,0.29111035422343323
"frozenset({'yogurt', 'curd'})",frozenset({'other vegetables'}),0.04027706516162134,0.3766033863519754,0.02103642893791688,0.5222929936305732,1.386851559381454,1.0,0.005867949805731109,1.3049769112365317,0.2906487765759775,0.05314322747893713,0.23370291735472198,0.2890756521286381
"frozenset({'yogurt', 'rolls/buns', 'whole milk'})",frozenset({'other vegetables'}),0.0659312467932273,0.3766033863519754,0.03437660338635198,0.5214007782101167,1.3844824478631026,1.0,0.009546672577614757,1.3025441439637586,0.2973104813750527,0.08422375864236328,0.2322717010135945,0.30634071608053515
"frozenset({'sausage', 'bottled water'})",frozenset({'other vegetables'}),0.04925602873268343,0.3766033863519754,0.025654181631605953,0.5208333333333334,1.3829757039055406,1.0,0.007104194412627177,1.3010016284828343,0.2912682137075014,0.0641025641025641,0.23136145404663927,0.2944766121707539
"frozenset({'yogurt', 'curd'})",frozenset({'whole milk'}),0.04027706516162134,0.4581836839404823,0.02539763981528989,0.6305732484076433,1.3762455331987646,1.0,0.006943345721227366,1.466640717609384,0.2848587451634764,0.05368763557483731,0.3181697548735764,0.3430021897133401
"frozenset({'sausage', 'pip fruit'})",frozenset({'other vegetables'}),0.04207285787583376,0.3766033863519754,0.02180605438686506,0.5182926829268293,1.3762294809596598,1.0,0.005961273637320689,1.2941398055477982,0.2853839125366269,0.054945054945054944,0.22728595804476562,0.28809729514188875
"frozenset({'bottled water', 'rolls/buns', 'other vegetables'})",frozenset({'whole milk'}),0.03668547973319651,0.4581836839404823,0.023088763468445357,0.6293706293706294,1.373620780115741,1.0,0.006280075217165476,1.4618817584247366,0.2823553780144991,0.04893964110929853,0.3159501483365119,0.33988128333033146
"frozenset({'bottled beer', 'sausage'})",frozenset({'other vegetables'}),0.039763981528989224,0.3766033863519754,0.02052334530528476,0.5161290322580645,1.3704843104509097,1.0,0.00554809520663002,1.288353001539251,0.28152551429334755,0.05184705119896305,0.22381521306252483,0.285312472532302
"frozenset({'pastry', 'rolls/buns', 'whole milk'})",frozenset({'other vegetables'}),0.04027706516162134,0.3766033863519754,0.02077988712160082,0.5159235668789809,1.3699387354865582,1.0,0.0056114079894150504,1.287806162404472,0.2813732381584115,0.052461139896373056,0.22348562291945162,0.28555033929780105
"frozenset({'coffee', 'rolls/buns'})",frozenset({'other vegetables'}),0.04284248332478194,0.3766033863519754,0.022062596203181118,0.5149700598802395,1.3674068756220528,1.0,0.005927971903340202,1.2852744997434582,0.2807153141809976,0.055519690122659775,0.2219560878243512,0.28677658307363474
"frozenset({'soda', 'butter'})",frozenset({'other vegetables'}),0.0443817342226783,0.3766033863519754,0.022832221652129298,0.5144508670520231,1.3660282559732877,1.0,0.006117910251695294,1.2839001685846223,0.28039514365432466,0.05734536082474227,0.2211232427032042,0.2875387850246492
"frozenset({'brown bread', 'rolls/buns'})",frozenset({'other vegetables'}),0.05336069779374038,0.3766033863519754,0.02744997434581837,0.514423076923077,1.365954464472857,1.0,0.007354154858591363,1.283826689492962,0.2830129422789556,0.06819630337794774,0.22107866413421975,0.2936556801509118
"frozenset({'sausage', 'rolls/buns', 'other vegetables'})",frozenset({'whole milk'}),0.0418163160595177,0.4581836839404823,0.02616726526423807,0.6257668711656441,1.3657554668553644,1.0,0.007007711523268699,1.4478042543885472,0.279491823503163,0.055224688684353006,0.3092988938464397,0.3414388667138411
"frozenset({'yogurt', 'sausage', 'whole milk'})",frozenset({'other vegetables'}),0.044894817855310416,0.3766033863519754,0.023088763468445357,0.5142857142857142,1.3655897236278707,1.0,0.006181223034480324,1.2834636163341684,0.2802996388814277,0.05795235028976175,0.2208583186360963,0.2877968080965356
"frozenset({'yogurt', 'soda', 'whole milk'})",frozenset({'other vegetables'}),0.05438686505900462,0.3766033863519754,0.027963057978450487,0.5141509433962264,1.36523186468562,1.0,0.007480780424161421,1.2831075931396234,0.28291029285120484,0.06938255887969445,0.22064213060020177,0.2942008122975682
"frozenset({'shopping bags', 'yogurt'})",frozenset({'other vegetables'}),0.05489994869163674,0.3766033863519754,0.028219599794766546,0.514018691588785,1.3648806946955612,1.0,0.007544093206946451,1.2827584165449737,0.28286447537261866,0.06997455470737914,0.2204299834621744,0.2944752858488884
"frozenset({'yogurt', 'chocolate'})",frozenset({'whole milk'}),0.032067727039507436,0.4581836839404823,0.020010261672652643,0.6240000000000001,1.3618992161254202,1.0,0.005317352362093309,1.4410008405838242,0.2745349888207032,0.0425531914893617,0.30603787878787897,0.3338365061590146
"frozenset({'bottled water', 'rolls/buns', 'whole milk'})",frozenset({'other vegetables'}),0.04515135967162647,0.3766033863519754,0.023088763468445357,0.5113636363636365,1.3578306911072582,1.0,0.006084608517714814,1.2757884186285158,0.2759925965729298,0.05791505791505792,0.21617096894874685,0.2863357691354967
"frozenset({'yogurt', 'sausage', 'other vegetables'})",frozenset({'whole milk'}),0.03719856336582863,0.4581836839404823,0.023088763468445357,0.6206896551724138,1.354674286596903,1.0,0.0060449886681965305,1.4284248332478195,0.27193060366521604,0.048886474741988054,0.2999281609195402,0.3355407962312237
"frozenset({'chocolate', 'other vegetables'})",frozenset({'whole milk'}),0.038481272447408926,0.4581836839404823,0.023858388917393534,0.62,1.3531690929451288,1.0,0.006226897744722331,1.4258324106829414,0.2714393913312906,0.05046120455778622,0.29865530303030297,0.33603583426651734
"frozenset({'shopping bags', 'rolls/buns', 'whole milk'})",frozenset({'other vegetables'}),0.041303232426885585,0.3766033863519754,0.02103642893791688,0.5093167701863354,1.3523956200179394,1.0,0.005481491738669049,1.2704665164219235,0.2717975159414424,0.05300581771170005,0.21288755974746304,0.2825875404065192
"frozenset({'sausage', 'rolls/buns'})",frozenset({'other vegetables'}),0.0823499230374551,0.3766033863519754,0.0418163160595177,0.5077881619937695,1.3483366862750092,1.0,0.01080305617778756,1.2665209682342782,0.2815294030882376,0.1002460024600246,0.210435496070664,0.30941179216854686
"frozenset({'root vegetables', 'shopping bags'})",frozenset({'whole milk'}),0.04746023601847101,0.4581836839404823,0.029245767060030785,0.6162162162162161,1.3449108683151234,1.0,0.007500261280402969,1.4117749080424051,0.2692342221025227,0.06138933764135703,0.29167178542178523,0.34002300172512934
"frozenset({'root vegetables', 'yogurt', 'whole milk'})",frozenset({'other vegetables'}),0.03950743971267317,0.3766033863519754,0.020010261672652643,0.5064935064935064,1.3448989702395695,1.0,0.005131626090763414,1.2631984013394182,0.2669981371904448,0.050518134715025906,0.20835871946983048,0.2798135107399412
"frozenset({'hamburger meat', 'other vegetables'})",frozenset({'whole milk'}),0.03540277065161621,0.4581836839404823,0.02180605438686506,0.6159420289855073,1.3443124462404856,1.0,0.005585082508007554,1.410767011626669,0.26552565707133924,0.046220772158781946,0.2911657334211683,0.3317672071019362
"frozenset({'yogurt', 'brown bread'})",frozenset({'whole milk'}),0.04207285787583376,0.4581836839404823,0.025910723447922012,0.6158536585365855,1.3441195750143393,1.0,0.0066336264324681656,1.410442473551761,0.2672630948151056,0.05462412114656571,0.29100263303769414,0.3362023051921449
"frozenset({'brown bread', 'bottled water'})",frozenset({'whole milk'}),0.03796818881477681,0.4581836839404823,0.023345305284761416,0.6148648648648649,1.3419615023758362,1.0,0.005948900661059162,1.4068213118738357,0.2648791208791208,0.049376017362995114,0.289177671990172,0.3329083562846161
"frozenset({'yogurt', 'beef'})",frozenset({'whole milk'}),0.038481272447408926,0.4581836839404823,0.023601847101077475,0.6133333333333333,1.3386188876446434,1.0,0.005970355928406272,1.4012490932573733,0.2630852396640527,0.049891540130151846,0.28635101010101,0.33242254572601715
"frozenset({'curd', 'soda'})",frozenset({'whole milk'}),0.043099025141098,0.4581836839404823,0.02642380708055413,0.613095238095238,1.3380992374553402,1.0,0.006676536967162382,1.400386786123061,0.2640516411150732,0.055645596974608316,0.2859115710678209,0.3353830053858049
"frozenset({'fruit/vegetable juice', 'yogurt'})",frozenset({'other vegetables'}),0.04079014879425346,0.3766033863519754,0.02052334530528476,0.5031446540880503,1.3360067177351636,1.0,0.005161637139567963,1.2546843236713408,0.26219577427119556,0.051712992889463474,0.2029867743354815,0.2788202834472949
"frozenset({'yogurt', 'tropical fruit', 'whole milk'})",frozenset({'other vegetables'}),0.04232939969214982,0.3766033863519754,0.02129297075423294,0.503030303030303,1.3357030798447693,1.0,0.005351575487923053,1.2543956250234642,0.26243952504365164,0.053548387096774196,0.20280334206260134,0.2797849062835439
"frozenset({'bottled water', 'whole milk'})",frozenset({'other vegetables'}),0.11236531554643407,0.3766033863519754,0.056182657773217036,0.5,1.3276566757493187,1.0,0.013865499429921699,1.2467932272960494,0.2780346820809248,0.12981624184943685,0.19794238683127569,0.32459128065395093
"frozenset({'frozen vegetables', 'rolls/buns'})",frozenset({'whole milk'}),0.04104669061056952,0.4581836839404823,0.024884556182657773,0.60625,1.3231592945128778,1.0,0.006077632265141825,1.3760414376114736,0.25468716387284673,0.05246078961600865,0.27327769886363623,0.3302806550951847
"frozenset({'yogurt', 'bottled water'})",frozenset({'whole milk'}),0.06644433042585941,0.4581836839404823,0.04027706516162134,0.6061776061776062,1.3230012927661303,1.0,0.0098333570701424,1.3757884888177951,0.26151931569357434,0.08315677966101694,0.2731440856440856,0.34704177061399905
"frozenset({'bottled beer', 'rolls/buns'})",frozenset({'whole milk'}),0.06310928681375064,0.4581836839404823,0.03822473063109287,0.6056910569105692,1.3219393840075022,1.0,0.009309085107912101,1.3740908634086744,0.25994031035674126,0.07912904938927244,0.2722460889381623,0.34455885432314576
"frozenset({'soda', 'rolls/buns', 'other vegetables'})",frozenset({'whole milk'}),0.052591072344792204,0.4581836839404823,0.03181118522319138,0.6048780487804878,1.3201649687269548,1.0,0.007714813953874071,1.3712635159531004,0.25598123738895734,0.0664167113015533,0.27074556541019945,0.3371534700789337
"frozenset({'root vegetables', 'beef'})",frozenset({'whole milk'}),0.03309389430477168,0.4581836839404823,0.020010261672652643,0.6046511627906976,1.3196697830672672,1.0,0.004847179264155409,1.3704765641505448,0.25052554238014574,0.04246053347849755,0.2703268146582099,0.3241620875543634
"frozenset({'curd', 'bottled water'})",frozenset({'whole milk'}),0.03309389430477168,0.4581836839404823,0.020010261672652643,0.6046511627906976,1.3196697830672672,1.0,0.004847179264155409,1.3704765641505448,0.25052554238014574,0.04246053347849755,0.2703268146582099,0.3241620875543634
"frozenset({'bottled beer', 'pastry'})",frozenset({'whole milk'}),0.0336069779374038,0.4581836839404823,0.020266803488968702,0.6030534351145038,1.3161826932118341,1.0,0.004868634531502519,1.3649603346884005,0.24858111581925652,0.04298150163220892,0.2673779782558408,0.3236431789234333
"frozenset({'shopping bags', 'yogurt'})",frozenset({'whole milk'}),0.05489994869163674,0.4581836839404823,0.03309389430477168,0.602803738317757,1.3156377222635032,1.0,0.007939633565094098,1.3641022545498447,0.2538486141622268,0.0689470871191876,0.266917126876239,0.33751609088340256
"frozenset({'chocolate', 'rolls/buns'})",frozenset({'whole milk'}),0.03745510518214469,0.4581836839404823,0.022575679835813236,0.6027397260273972,1.31549801346853,1.0,0.005414361761079931,1.36388245077051,0.2491640821864701,0.04772234273318871,0.2667989829804897,0.3260059212443817
"frozenset({'yogurt', 'pastry'})",frozenset({'whole milk'}),0.05797845048742945,0.4581836839404823,0.034889687018984095,0.6017699115044248,1.3133813634066338,1.0,0.008324906985492816,1.3605609714383446,0.25329200307574007,0.07249466950959488,0.26500905068382946,0.33895886392690444
"frozenset({'soda', 'bottled water', 'other vegetables'})",frozenset({'whole milk'}),0.03668547973319651,0.4581836839404823,0.022062596203181118,0.6013986013986014,1.3125709676661523,1.0,0.005253907951901237,1.3592935648510707,0.24720527668534967,0.04666304937601736,0.26432374443738066,0.32477544851565004
"frozenset({'beef', 'rolls/buns'})",frozenset({'whole milk'}),0.040533606977937404,0.4581836839404823,0.024371472550025655,0.6012658227848101,1.312281174252626,1.0,0.005799635181478656,1.3588409196413302,0.2480213903743316,0.051379123850730124,0.26407868239355575,0.32722865607325613
"frozenset({'beef', 'other vegetables'})",frozenset({'whole milk'}),0.05079527963057978,0.4581836839404823,0.030528476141611083,0.601010101010101,1.3117230536043525,1.0,0.007254907793685098,1.3579700073390444,0.250361117419941,0.06380697050938337,0.2636067110498928,0.33381972015790606
"frozenset({'shopping bags', 'rolls/buns'})",frozenset({'whole milk'}),0.06875320677270395,0.4581836839404823,0.041303232426885585,0.6007462686567164,1.311147231368354,1.0,0.009801634865046371,1.3570726420929977,0.25482949198364224,0.08505018489170629,0.26311977046585255,0.34544592268222163
"frozenset({'pastry', 'pip fruit'})",frozenset({'whole milk'}),0.04104669061056952,0.4581836839404823,0.024628014366341714,0.6,1.309518477043673,1.0,0.005821090448825766,1.3545407901487942,0.24647761726413414,0.05189189189189189,0.26174242424242417,0.3268756998880179
"frozenset({'yogurt', 'butter'})",frozenset({'whole milk'}),0.044894817855310416,0.4581836839404823,0.026936890713186248,0.6,1.309518477043673,1.0,0.006366817678403178,1.3545407901487942,0.24747067776882434,0.05657327586206896,0.26174242424242417,0.3293952967525196
"frozenset({'bottled water', 'other vegetables'})",frozenset({'whole milk'}),0.09389430477167779,0.4581836839404823,0.056182657773217036,0.5983606557377049,1.305940557707488,1.0,0.013161819311899303,1.3490120522298197,0.2585441908810252,0.11329539575788929,0.2587167784401391,0.36049051823839334
"frozenset({'yogurt', 'frankfurter'})",frozenset({'whole milk'}),0.04207285787583376,0.4581836839404823,0.025141097998973832,0.5975609756097561,1.304195231202032,1.0,0.005864000983519985,1.3463314520266805,0.24348786113266946,0.052915766738660906,0.2572408536585365,0.3262160981072297
"frozenset({'shopping bags', 'sausage'})",frozenset({'whole milk'}),0.03694202154951257,0.4581836839404823,0.022062596203181118,0.5972222222222222,1.3034558915018042,1.0,0.0051363646774167625,1.3451991295270784,0.24173904424427886,0.046637744034707156,0.25661563552188543,0.3226872589274605
"frozenset({'yogurt', 'other vegetables'})",frozenset({'whole milk'}),0.12031811185223192,0.4581836839404823,0.07183170856849666,0.5970149253731343,1.303003459744948,1.0,0.016703912835278036,1.3445071546662106,0.26434820647419066,0.14177215189873416,0.25623303934871083,0.37689492069328606
"frozenset({'coffee', 'yogurt'})",frozenset({'whole milk'}),0.03617239610056439,0.4581836839404823,0.021549512570549,0.5957446808510638,1.3002311119582568,1.0,0.004975910868238068,1.3402824660419648,0.23957184683828278,0.04557786218122626,0.25388862024500314,0.3213885778275476
"frozenset({'yogurt', 'frozen vegetables'})",frozenset({'whole milk'}),0.0336069779374038,0.4581836839404823,0.020010261672652643,0.5954198473282443,1.2995221527914311,1.0,0.00461209271518646,1.339206366109374,0.23850169828401846,0.042414355628058724,0.25328909322229926,0.3195464298231367
"frozenset({'yogurt', 'sausage'})",frozenset({'whole milk'}),0.07542329399692149,0.4581836839404823,0.044894817855310416,0.5952380952380953,1.2991254732576123,1.0,0.010337095156874865,1.3386050161470442,0.24903440621531645,0.09186351706036747,0.25295364357864375,0.346611208873247
"frozenset({'shopping bags', 'citrus fruit'})",frozenset({'whole milk'}),0.03540277065161621,0.4581836839404823,0.02103642893791688,0.5942028985507246,1.2968661246084683,1.0,0.004815457059059374,1.335190207432383,0.23731188375713544,0.04451682953311617,0.25104303908651726,0.32005777626304427
"frozenset({'yogurt', 'pip fruit'})",frozenset({'whole milk'}),0.056695741405849154,0.4581836839404823,0.0336069779374038,0.5927601809954751,1.2937173491155443,1.0,0.0076299142763348905,1.3304600649905935,0.24067911320006555,0.06982942430703624,0.2483802961744138,0.33305422263659534
"frozenset({'yogurt', 'rolls/buns'})",frozenset({'whole milk'}),0.11133914828116984,0.4581836839404823,0.0659312467932273,0.5921658986175116,1.2924203095246696,1.0,0.014917465666965286,1.3285213625414165,0.2546054582543291,0.13092205807437596,0.24728346250523675,0.36803143755063705
"frozenset({'sausage', 'whipped/sour cream'})",frozenset({'whole milk'}),0.038994356080041044,0.4581836839404823,0.023088763468445357,0.5921052631578948,1.2922879707667827,1.0,0.005222185746805205,1.3283238716297856,0.23535623183247317,0.048701298701298704,0.2471715510366827,0.3212486002239642
"frozenset({'sausage', 'rolls/buns'})",frozenset({'whole milk'}),0.0823499230374551,0.4581836839404823,0.04874294510005131,0.5919003115264798,1.291840657519719,1.0,0.011011553990534939,1.327656774466452,0.24618395303326815,0.099113197704747,0.24679328330029274,0.34914164512494206
"frozenset({'yogurt', 'domestic eggs'})",frozenset({'whole milk'}),0.043355566957414056,0.4581836839404823,0.025654181631605953,0.591715976331361,1.2914383402797565,1.0,0.005789368243729734,1.3270573538269348,0.23589702333065177,0.053908355795148244,0.24645306616460463,0.3238535088823658
"frozenset({'brown bread', 'sausage'})",frozenset({'whole milk'}),0.03514622883530016,0.4581836839404823,0.02077988712160082,0.5912408759124087,1.2904014189846411,1.0,0.004676458517227786,1.3255149160741773,0.23324503267780747,0.043973941368078175,0.24557619995576185,0.3182968097367195
"frozenset({'root vegetables', 'yogurt', 'other vegetables'})",frozenset({'whole milk'}),0.03386351975371986,0.4581836839404823,0.020010261672652643,0.5909090909090909,1.2896772879975569,1.0,0.004494549440701984,1.3244398837010434,0.23248498713182722,0.042391304347826085,0.24496384297520662,0.31729105161356
"frozenset({'bottled water', 'canned beer'})",frozenset({'whole milk'}),0.03950743971267317,0.4581836839404823,0.023345305284761416,0.5909090909090908,1.2896772879975564,1.0,0.005243641014152315,1.3244398837010432,0.23385108481262323,0.04921579232017306,0.24496384297520643,0.3209304693067291
"frozenset({'root vegetables', 'newspapers'})",frozenset({'whole milk'}),0.03873781426372499,0.4581836839404823,0.022832221652129298,0.5894039735099338,1.2863923229236964,1.0,0.005083187204973621,1.3195848987901158,0.2316040097996,0.04816017316017316,0.24218593216937587,0.31961800019281683
"frozenset({'bottled water', 'pip fruit'})",frozenset({'whole milk'}),0.040533606977937404,0.4581836839404823,0.023858388917393534,0.5886075949367088,1.2846542021630967,1.0,0.005286551548846535,1.317030429806212,0.23094129147260073,0.050243111831442464,0.24071610088223994,0.32033963173487173
"frozenset({'shopping bags', 'other vegetables'})",frozenset({'whole milk'}),0.07311441765007697,0.4581836839404823,0.04284248332478194,0.5859649122807017,1.2788864658847565,1.0,0.00934265009670665,1.3086241531945977,0.23527149962460894,0.08771008403361344,0.23583864965443896,0.33973497573721534
"frozenset({'yogurt', 'citrus fruit'})",frozenset({'whole milk'}),0.05823499230374551,0.4581836839404823,0.034120061570035914,0.5859030837004405,1.278751523104321,1.0,0.0074377382620601645,1.308428763250112,0.2314667081760517,0.07074468085106383,0.23572453610999863,0.3301855844034117
"frozenset({'soda', 'sausage', 'rolls/buns'})",frozenset({'whole milk'}),0.03591585428424833,0.4581836839404823,0.02103642893791688,0.5857142857142857,1.2783394656854903,1.0,0.004580370510090425,1.3078324870402154,0.22584664909980662,0.044468546637744036,0.23537608225108225,0.31581346984482483
"frozenset({'shopping bags', 'bottled water'})",frozenset({'whole milk'}),0.04207285787583376,0.4581836839404823,0.024628014366341714,0.5853658536585367,1.2775790019938276,1.0,0.0053509173508878675,1.306733468143543,0.22681217639707202,0.05177993527508091,0.2347330007390984,0.31955862671728624
"frozenset({'domestic eggs', 'rolls/buns'})",frozenset({'whole milk'}),0.052591072344792204,0.4581836839404823,0.03078501795792714,0.5853658536585366,1.2775790019938271,1.0,0.006688646688609832,1.3067334681435427,0.2293302644643018,0.06413682522715126,0.2347330007390982,0.3262775516892907
"frozenset({'other vegetables', 'white bread'})",frozenset({'whole milk'}),0.03642893791688045,0.4581836839404823,0.02129297075423294,0.5845070422535212,1.2757046196552215,1.0,0.004601825777437538,1.3040324894991786,0.22429013177309892,0.044986449864498644,0.2331479406743493,0.3154898033216094
"frozenset({'soda', 'frozen vegetables'})",frozenset({'whole milk'}),0.03642893791688045,0.4581836839404823,0.02129297075423294,0.5845070422535212,1.2757046196552215,1.0,0.004601825777437538,1.3040324894991786,0.22429013177309892,0.044986449864498644,0.2331479406743493,0.3154898033216094
"frozenset({'pastry', 'other vegetables'})",frozenset({'whole milk'}),0.0715751667521806,0.4581836839404823,0.0418163160595177,0.5842293906810037,1.2750986365479016,1.0,0.00902174247834927,1.3031616567293576,0.23237955100636218,0.08569926393270241,0.23263549473226902,0.3377473941086989
"frozenset({'root vegetables', 'canned beer'})",frozenset({'whole milk'}),0.04746023601847101,0.4581836839404823,0.027706516162134428,0.5837837837837838,1.2741260857722225,1.0,0.005961010382506612,1.3017664736494907,0.225868071141435,0.057971014492753624,0.23181306306306307,0.32212705426591204
frozenset({'ham'}),frozenset({'whole milk'}),0.0633658286300667,0.4581836839404823,0.03694202154951257,0.582995951417004,1.2724066173703703,1.0,0.007908832751847325,1.299307088026222,0.2285713198819197,0.07623080995235575,0.23035900503005752,0.3318115255405289
"frozenset({'napkins', 'rolls/buns'})",frozenset({'whole milk'}),0.035659312467932275,0.4581836839404823,0.02077988712160082,0.5827338129496402,1.2718344920927758,1.0,0.004441371968258837,1.2984908264184991,0.22163761704419666,0.04392624728850326,0.22987519075648555,0.31404327825533523
"frozenset({'tropical fruit', 'domestic eggs'})",frozenset({'whole milk'}),0.03437660338635198,0.4581836839404823,0.020010261672652643,0.582089552238806,1.2704283732513246,1.0,0.004259462891733037,1.2964890419995603,0.22044197389574652,0.04234527687296417,0.2286861148801447,0.31288128227841755
"frozenset({'yogurt', 'soda', 'rolls/buns'})",frozenset({'whole milk'}),0.04232939969214982,0.4581836839404823,0.024628014366341714,0.5818181818181818,1.2698360989514403,1.0,0.005233374076403393,1.295647712316238,0.2218892311813555,0.05175202156334232,0.2281852617079889,0.3177847907971088
"frozenset({'yogurt', 'newspapers'})",frozenset({'whole milk'}),0.04720369420215495,0.4581836839404823,0.02744997434581837,0.5815217391304348,1.2691891036564584,1.0,0.005822011840675028,1.2947298981162503,0.222603032727895,0.05743424584004295,0.22763813405797104,0.3207160767320707
"frozenset({'pastry', 'rolls/buns'})",frozenset({'whole milk'}),0.06952283222165213,0.4581836839404823,0.04027706516162134,0.5793357933579335,1.2644182096916152,1.0,0.008422837776328698,1.2880019443169235,0.22474751465916434,0.0826315789473684,0.2236036564911102,0.3336208642041627
"frozenset({'rolls/buns', 'whipped/sour cream'})",frozenset({'whole milk'}),0.05849153412006157,0.4581836839404823,0.03386351975371986,0.5789473684210527,1.2635704603052986,1.0,0.007063653171259631,1.2868137506413546,0.22155065642804064,0.07013815090329438,0.22288676236044658,0.32642777155655095
"frozenset({'root vegetables', 'bottled water'})",frozenset({'whole milk'}),0.05413032324268856,0.4581836839404823,0.03129810159055926,0.5781990521327015,1.2619372369615176,1.0,0.006496470674335106,1.2845308167253737,0.21944626000969294,0.06506666666666666,0.22150563693810152,0.3232540613407069
"frozenset({'sausage', 'bottled water'})",frozenset({'whole milk'}),0.04925602873268343,0.4581836839404823,0.028476141611082608,0.578125,1.2617756159014557,1.0,0.005907832910063467,1.2843053417707087,0.21821443677892674,0.059453668987680765,0.22136896306818177,0.3201375279955207
"frozenset({'yogurt', 'whipped/sour cream'})",frozenset({'whole milk'}),0.04797331965110313,0.4581836839404823,0.027706516162134428,0.5775401069518716,1.2604990688120916,1.0,0.005725923833537663,1.282527229153542,0.21707735760551716,0.057908847184986595,0.22028945875871,0.31900521584995595
"frozenset({'tropical fruit', 'canned beer'})",frozenset({'whole milk'}),0.04232939969214982,0.4581836839404823,0.024371472550025655,0.5757575757575758,1.256608639587363,1.0,0.004976832260087334,1.2771384592831492,0.2132333244039647,0.05118534482758621,0.21699954086317727,0.314474532559639
"frozenset({'fruit/vegetable juice', 'other vegetables'})",frozenset({'whole milk'}),0.052591072344792204,0.4581836839404823,0.030271934325295024,0.5756097560975609,1.2562860186272633,1.0,0.006175563055977714,1.2766936183011623,0.21532721089372014,0.06300053390282968,0.21672671840354754,0.32083959249446914
"frozenset({'root vegetables', 'bottled beer'})",frozenset({'whole milk'}),0.04284248332478194,0.4581836839404823,0.024628014366341714,0.5748502994011976,1.2546284809999262,1.0,0.004998287527434444,1.2744130250977388,0.21203542392566788,0.05169628432956381,0.2153250317546724,0.3143008495886167
frozenset({'chewing gum'}),frozenset({'whole milk'}),0.044638276038994354,0.4581836839404823,0.025654181631605953,0.574712643678161,1.2543280431452808,1.0,0.005201651871307358,1.2740005269507582,0.21223415682062297,0.053763440860215055,0.21507096830372702,0.3153518425557658
"frozenset({'bottled beer', 'sausage'})",frozenset({'whole milk'}),0.039763981528989224,0.4581836839404823,0.022832221652129298,0.5741935483870968,1.2531951016869558,1.0,0.004613014107035723,1.2724474089276554,0.2104062414634659,0.048056155507559394,0.21411290322580645,0.31201278763139834
"frozenset({'bottled beer', 'bottled water'})",frozenset({'whole milk'}),0.04027706516162134,0.4581836839404823,0.023088763468445357,0.5732484076433122,1.251132302907968,1.0,0.0046344693743828325,1.269629277930512,0.2091478808399418,0.048569886670264434,0.21236850994016612,0.3118201724666729
"frozenset({'brown bread', 'rolls/buns'})",frozenset({'whole milk'}),0.05336069779374038,0.4581836839404823,0.030528476141611083,0.5721153846153847,1.2486594452579896,1.0,0.006079475048840349,1.2662673453975248,0.210366422991961,0.06346666666666667,0.21027735285547797,0.3193723619605479
"frozenset({'brown bread', 'other vegetables'})",frozenset({'whole milk'}),0.05977424320164187,0.4581836839404823,0.034120061570035914,0.5708154506437768,1.245822299333394,1.0,0.006732478615153314,1.2624320164186764,0.20986162541414924,0.07051961823966064,0.20787813759916757,0.3226417678750799
"frozenset({'bottled water', 'rolls/buns'})",frozenset({'whole milk'}),0.0792714212416624,0.4581836839404823,0.04515135967162647,0.5695792880258899,1.243124336352138,1.0,0.008830487855923795,1.2588063282886537,0.2124135616403657,0.09171443460135487,0.20559662155535918,0.33406176047431113
"frozenset({'shopping bags', 'soda'})",frozenset({'whole milk'}),0.064648537711647,0.4581836839404823,0.03668547973319651,0.5674603174603174,1.2384996178389234,1.0,0.00706457456310889,1.2526395563944814,0.205881337532462,0.07546174142480211,0.2016857563732563,0.3237637533550187
"frozenset({'soda', 'pork'})",frozenset({'whole milk'}),0.045664443304258596,0.4581836839404823,0.025910723447922012,0.5674157303370786,1.238402305069391,1.0,0.004988020589685518,1.2525104449168072,0.20171936548493558,0.05421363392377885,0.20160346441947552,0.31198334109239145
"frozenset({'root vegetables', 'citrus fruit'})",frozenset({'whole milk'}),0.045664443304258596,0.4581836839404823,0.025910723447922012,0.5674157303370786,1.238402305069391,1.0,0.004988020589685518,1.2525104449168072,0.20171936548493558,0.05421363392377885,0.20160346441947552,0.31198334109239145
"frozenset({'UHT-milk', 'other vegetables'})",frozenset({'whole milk'}),0.038994356080041044,0.4581836839404823,0.022062596203181118,0.5657894736842105,1.2348529498438143,1.0,0.004196018481540966,1.2478193945613136,0.19790412098486443,0.04643628509719223,0.19860197368421045,0.3069708846584546
"frozenset({'bottled beer', 'other vegetables'})",frozenset({'whole milk'}),0.06849666495638788,0.4581836839404823,0.03873781426372499,0.5655430711610487,1.2343151687490301,1.0,0.00735375997637025,1.2471116929990624,0.20379331036457587,0.07939011566771818,0.19814720236068556,0.32504477186271924
frozenset({'hamburger meat'}),frozenset({'whole milk'}),0.08029758850692663,0.4581836839404823,0.045407901487942534,0.5654952076677316,1.234210705200906,1.0,0.00861685657430196,1.2469743156369784,0.2063336721587909,0.09209157127991675,0.19805886339432666,0.33229967550239886
"frozenset({'butter', 'rolls/buns'})",frozenset({'whole milk'}),0.049512570548999484,0.4581836839404823,0.027963057978450487,0.5647668393782384,1.2326210189789322,1.0,0.005277206002946875,1.24488748808913,0.19855142443264126,0.05828877005347594,0.1967145548751766,0.3128985372703062
"frozenset({'shopping bags', 'tropical fruit'})",frozenset({'whole milk'}),0.044638276038994354,0.4581836839404823,0.025141097998973832,0.5632183908045977,1.229241482282375,1.0,0.004688568238675236,1.240474197294159,0.19520375282228888,0.05263157894736842,0.1938566701497735,0.3090448057046505
"frozenset({'yogurt', 'bottled beer'})",frozenset({'whole milk'}),0.04874294510005131,0.4581836839404823,0.02744997434581837,0.5631578947368421,1.2291094477515176,1.0,0.005116752193768177,1.2403024102567273,0.19595418846847928,0.05724986623863028,0.19374501594896323,0.31153415453527433
"frozenset({'soda', 'beef'})",frozenset({'whole milk'}),0.04284248332478194,0.4581836839404823,0.024114930733709596,0.5628742514970061,1.2284903876457614,1.0,0.004485203894802326,1.2394975997525957,0.19431787724470662,0.05056481979558902,0.19322151152240988,0.3077529152221873
"frozenset({'curd', 'other vegetables'})",frozenset({'whole milk'}),0.05156490507952796,0.4581836839404823,0.028989225243714726,0.5621890547263682,1.2269949245931595,1.0,0.005363027072335314,1.2375577219086713,0.19505889731209947,0.060298826040554955,0.19195688225538968,0.3127294657730385
"frozenset({'frozen vegetables', 'other vegetables'})",frozenset({'whole milk'}),0.045664443304258596,0.4581836839404823,0.025654181631605953,0.5617977528089888,1.226140896108308,1.0,0.0047314787733694595,1.2364526186999252,0.19325806451612904,0.05364806866952789,0.19123467824310525,0.3088943971211797
"frozenset({'domestic eggs', 'other vegetables'})",frozenset({'whole milk'}),0.05438686505900462,0.4581836839404823,0.030528476141611083,0.5613207547169811,1.2250998330833103,1.0,0.005609301950902448,1.2351081613399757,0.19430778279841499,0.0633315593400745,0.1903543096054887,0.3139750470113461
"frozenset({'sausage', 'pip fruit'})",frozenset({'whole milk'}),0.04207285787583376,0.4581836839404823,0.023601847101077475,0.5609756097560976,1.224346543577418,1.0,0.0043247500856236284,1.2341371643577905,0.19128571761253815,0.04951560818083961,0.1897172949002218,0.3062436839373993
frozenset({'sugar'}),frozenset({'whole milk'}),0.0659312467932273,0.4581836839404823,0.03694202154951257,0.5603112840466926,1.222896632258683,1.0,0.006733400007002576,1.2322725064362483,0.19513488357899225,0.07582938388625593,0.18849118618087488,0.3204691918553732
"frozenset({'yogurt', 'margarine'})",frozenset({'whole milk'}),0.03668547973319651,0.4581836839404823,0.02052334530528476,0.5594405594405595,1.2209962489917698,1.0,0.00371465705400488,1.2298370348652548,0.18788948069241002,0.04326663061114115,0.18688413858868408,0.30211669629362803
"frozenset({'rolls/buns', 'other vegetables'})",frozenset({'whole milk'}),0.14674191893278604,0.4581836839404823,0.08209338122113904,0.5594405594405595,1.2209962489917698,1.0,0.01485862821601952,1.2298370348652548,0.2121241731809981,0.15701668302257116,0.18688413858868408,0.3693059460136728
"frozenset({'yogurt', 'tropical fruit'})",frozenset({'whole milk'}),0.07567983581323756,0.4581836839404823,0.04232939969214982,0.559322033898305,1.2207375633457966,1.0,0.007654133719229787,1.229506255673521,0.19562822227268517,0.0861169102296451,0.1866653826399588,0.32585362613168334
"frozenset({'cream cheese ', 'other vegetables'})",frozenset({'whole milk'}),0.03950743971267317,0.4581836839404823,0.022062596203181118,0.5584415584415584,1.2188158985471413,1.0,0.003960931932572017,1.22705459813479,0.1869161200556549,0.04638619201725998,0.18504033844942924,0.30329692703712857
"frozenset({'rolls/buns', 'frankfurter'})",frozenset({'whole milk'}),0.05515649050795279,0.4581836839404823,0.03078501795792714,0.5581395348837209,1.2181567228313237,1.0,0.005513213943765086,1.2262158731873296,0.18954204000362027,0.06379585326953748,0.18448291050035232,0.31266439230188287
"frozenset({'yogurt', 'soda'})",frozenset({'whole milk'}),0.09748589020010262,0.4581836839404823,0.05438686505900462,0.5578947368421052,1.2176224435669238,1.0,0.009720420754904237,1.2255369053727185,0.1980327587501474,0.10849539406345957,0.1840311004784688,0.3382978723404255
"frozenset({'soda', 'other vegetables'})",frozenset({'whole milk'}),0.1241662390969728,0.4581836839404823,0.06926629040533606,0.5578512396694215,1.2175275096480431,1.0,0.012375345554850321,1.2254163409944234,0.20399227581418555,0.13499999999999998,0.18395082018532433,0.35451352576976114
"frozenset({'bottled water', 'frankfurter'})",frozenset({'whole milk'}),0.037711646998460746,0.4581836839404823,0.02103642893791688,0.5578231292517006,1.2174661577957049,1.0,0.003757567588699103,1.2253384378576784,0.185622045503313,0.044300378173960014,0.18389893836322396,0.3018678916135323
"frozenset({'yogurt', 'pork'})",frozenset({'whole milk'}),0.04232939969214982,0.4581836839404823,0.023601847101077475,0.5575757575757576,1.2169262614951306,1.0,0.004207206811139154,1.2246533171208278,0.18613657275300202,0.04948897256589564,0.183442378328742,0.3045437578472293
"frozenset({'canned beer', 'other vegetables'})",frozenset({'whole milk'}),0.0672139558748076,0.4581836839404823,0.03745510518214469,0.5572519083969466,1.2162194506894164,1.0,0.006658767267212325,1.223757541444773,0.19059029190590293,0.07676130389064144,0.18284466805459176,0.3194994144448339
"frozenset({'newspapers', 'other vegetables'})",frozenset({'whole milk'}),0.05156490507952796,0.4581836839404823,0.028732683427398667,0.5572139303482587,1.2161365624286185,1.0,0.005106485256019255,1.2236525789658772,0.1873864909772402,0.059733333333333326,0.18277457409920095,0.30996194837681695
"frozenset({'sausage', 'pastry'})",frozenset({'whole milk'}),0.040533606977937404,0.4581836839404823,0.022575679835813236,0.5569620253164557,1.2155867719392743,1.0,0.004003842467266237,1.2229568276771972,0.18484443364122502,0.047413793103448267,0.1823096471039508,0.30311707088891093
"frozenset({'bottled beer', 'tropical fruit'})",frozenset({'whole milk'}),0.04284248332478194,0.4581836839404823,0.023858388917393534,0.5568862275449101,1.2154213409686785,1.0,0.004228662078486264,1.222747632188371,0.18517333702227487,0.049999999999999996,0.18216975140627822,0.3044789480389724
"frozenset({'butter', 'other vegetables'})",frozenset({'whole milk'}),0.05720882503848127,0.4581836839404823,0.03181118522319138,0.5560538116591929,1.2136045676637928,1.0,0.005599035013153526,1.2204549341542674,0.1866886109282422,0.06578249336870026,0.18063340807174894,0.31274135151828625
"frozenset({'newspapers', 'rolls/buns'})",frozenset({'whole milk'}),0.05720882503848127,0.4581836839404823,0.03181118522319138,0.5560538116591929,1.2136045676637928,1.0,0.005599035013153526,1.2204549341542674,0.1866886109282422,0.06578249336870026,0.18063340807174894,0.31274135151828625
frozenset({'cat food'}),frozenset({'whole milk'}),0.04386865059004618,0.4581836839404823,0.024371472550025655,0.5555555555555556,1.2125171083737714,1.0,0.004271572613180483,1.219086711133915,0.18331097397370535,0.05102040816326531,0.17971380471380471,0.30437352245862886
frozenset({'chocolate'}),frozenset({'whole milk'}),0.08645459209851206,0.4581836839404823,0.04797331965110313,0.5548961424332345,1.2110779189276304,1.0,0.00836123614983516,1.21728065674705,0.19078339768165817,0.09659090909090909,0.17849676288103597,0.3297996949568188
"frozenset({'yogurt', 'canned beer'})",frozenset({'whole milk'}),0.051821446895844024,0.4581836839404823,0.028732683427398667,0.5544554455445545,1.2101160843967935,1.0,0.004988941981534781,1.21607662048914,0.18312268089053804,0.059701492537313425,0.17768339333933397,0.30858270597496484
"frozenset({'soda', 'canned beer'})",frozenset({'whole milk'}),0.054643406875320676,0.4581836839404823,0.030271934325295024,0.5539906103286385,1.2091015672234227,1.0,0.005235216860101918,1.214809213901866,0.18293585999126097,0.06273258904837851,0.17682547304026175,0.3100300196100079
"frozenset({'citrus fruit', 'rolls/buns'})",frozenset({'whole milk'}),0.07183170856849666,0.4581836839404823,0.039763981528989224,0.5535714285714286,1.2081866901295792,1.0,0.0068518646733363164,1.2136685479733198,0.18564881684766138,0.08110936682365254,0.17605181277056278,0.3201787713965766
"frozenset({'fruit/vegetable juice', 'yogurt'})",frozenset({'whole milk'}),0.04079014879425346,0.4581836839404823,0.022575679835813236,0.5534591194968553,1.207941572115757,1.0,0.003886299192781762,1.2133632993445538,0.17946582703202116,0.047388260635433485,0.1758445302077377,0.30136561797911077
"frozenset({'tropical fruit', 'other vegetables'})",frozenset({'whole milk'}),0.09132888660851719,0.4581836839404823,0.050538737814263726,0.5533707865168539,1.2077487826666833,1.0,0.008693332097790739,1.2131233240074737,0.18930198029734557,0.1012853470437018,0.17568149897854943,0.33183656907029707
"frozenset({'root vegetables', 'yogurt'})",frozenset({'whole milk'}),0.0715751667521806,0.4581836839404823,0.03950743971267317,0.5519713261648745,1.2046944173520049,1.0,0.0067128661315047355,1.2093340174448435,0.1830131736183133,0.08058608058608059,0.17309859346149664,0.31909876498613265
"frozenset({'pork', 'rolls/buns'})",frozenset({'whole milk'}),0.04746023601847101,0.4581836839404823,0.02616726526423807,0.5513513513513514,1.2033413032293212,1.0,0.0044217594846102555,1.2076628731447083,0.17740002006727823,0.05457463884430177,0.17195434070434074,0.30423110680669474
"frozenset({'rolls/buns', 'white bread'})",frozenset({'whole milk'}),0.037711646998460746,0.4581836839404823,0.02077988712160082,0.5510204081632654,1.2026190095299039,1.0,0.0035010257723830443,1.2067727039507443,0.17508417508417515,0.04373650107991361,0.17134353741496605,0.2981865758621478
"frozenset({'tropical fruit', 'rolls/buns', 'other vegetables'})",frozenset({'whole milk'}),0.03822473063109287,0.4581836839404823,0.02103642893791688,0.5503355704697985,1.201124330174286,1.0,0.0035224810397301506,1.2049347924308675,0.174101711675959,0.04425256341068537,0.17007957087655046,0.29812411222258123
frozenset({'waffles'}),frozenset({'whole milk'}),0.06900974858902001,0.4581836839404823,0.03796818881477681,0.550185873605948,1.2007976121590063,1.0,0.006349047978453121,1.2045337935538039,0.17961541039523957,0.07760880964866282,0.16980328376703838,0.3165263074636683
"frozenset({'citrus fruit', 'other vegetables'})",frozenset({'whole milk'}),0.07747562852744998,0.4581836839404823,0.04258594150846588,0.5496688741721855,1.1996692449737845,1.0,0.007087872614154528,1.2031509371321645,0.180414650816838,0.08636836628511967,0.16884908689544453,0.3213070014757904
"frozenset({'pip fruit', 'other vegetables'})",frozenset({'whole milk'}),0.07234479220112879,0.4581836839404823,0.039763981528989224,0.549645390070922,1.199617990199582,1.0,0.00661677812436736,1.2030881978644408,0.17937838995147,0.08102456874019863,0.1688057436062754,0.31821575214632325
"frozenset({'curd', 'tropical fruit'})",frozenset({'whole milk'}),0.03642893791688045,0.4581836839404823,0.020010261672652643,0.5492957746478874,1.1988549437723768,1.0,0.0033191166958572403,1.202154951257055,0.1721416673493352,0.04216216216216216,0.168160478019633,0.29648439348295824
"frozenset({'newspapers', 'tropical fruit'})",frozenset({'whole milk'}),0.03694202154951257,0.4581836839404823,0.020266803488968702,0.548611111111111,1.197360644519099,1.0,0.0033405719632043467,1.2003315309626237,0.17115245847467334,0.04267963263101026,0.16689683291245777,0.2964220169217369
frozenset({'meat'}),frozenset({'whole milk'}),0.06362237044638276,0.4581836839404823,0.034889687018984095,0.5483870967741935,1.1968717263302386,1.0,0.005738954946834372,1.1997361284175034,0.17566478646253014,0.07165437302423604,0.16648338220918854,0.3122674565617888
"frozenset({'whipped/sour cream', 'other vegetables'})",frozenset({'whole milk'}),0.06695741405849154,0.4581836839404823,0.03668547973319651,0.5478927203065134,1.1957927344651675,1.0,0.0060066850927486155,1.1984242245045265,0.175484674797295,0.0751050420168067,0.16557093927783573,0.3139799547781167
"frozenset({'sausage', 'canned beer'})",frozenset({'whole milk'}),0.03796818881477681,0.4581836839404823,0.02077988712160082,0.5472972972972973,1.1944932054114583,1.0,0.0033834824978985663,1.1968479817434123,0.16925102880658427,0.04371289800323799,0.1644720004095003,0.29632502042916375
"frozenset({'pastry', 'bottled water'})",frozenset({'whole milk'}),0.04361210877373012,0.4581836839404823,0.023858388917393534,0.5470588235294117,1.193972729069231,1.0,0.0038760322550328366,1.1962178406508832,0.16986824495823513,0.04991948470209339,0.1640318627450979,0.2995652460312232
frozenset({'processed cheese'}),frozenset({'whole milk'}),0.038481272447408926,0.4581836839404823,0.02103642893791688,0.5466666666666666,1.193116834639791,1.0,0.003404937765245676,1.195183050131289,0.16833693416976847,0.04422869471413161,0.1633080808080807,0.2962896603210153
"frozenset({'other vegetables', 'frankfurter'})",frozenset({'whole milk'}),0.061056952283222166,0.4581836839404823,0.033350436121087734,0.5462184873949579,1.1921386695775733,1.0,0.005375136793782761,1.1940026224274556,0.1716519546027742,0.0686378035902851,0.16248090145148955,0.3095034206291699
"frozenset({'rolls/buns', 'pip fruit'})",frozenset({'whole milk'}),0.0672139558748076,0.4581836839404823,0.03668547973319651,0.5458015267175572,1.191228640058812,1.0,0.0058891418182641445,1.1929065109881818,0.1720979790286721,0.07506561679790026,0.16171134050427932,0.3129343579836386
"frozenset({'soda', 'whipped/sour cream'})",frozenset({'whole milk'}),0.04848640328373525,0.4581836839404823,0.02642380708055413,0.544973544973545,1.1894215444047471,1.0,0.004208128202988416,1.1907358573866147,0.16737036911003672,0.05502136752136752,0.16018318101651435,0.3013221588249584
"frozenset({'soda', 'rolls/buns'})",frozenset({'whole milk'}),0.11980502821959979,0.4581836839404823,0.06516162134427912,0.54389721627409,1.187072423872566,1.0,0.010268912160029446,1.1879259136140603,0.1790414860340068,0.12706353176588298,0.15819666147556957,0.3430572307574258
frozenset({'oil'}),frozenset({'whole milk'}),0.05566957414058492,0.4581836839404823,0.030271934325295024,0.543778801843318,1.186813980730825,1.0,0.004765043762164016,1.1876175816658117,0.16668738690204848,0.06259946949602123,0.15797811059907826,0.30492411536734765
"frozenset({'margarine', 'other vegetables'})",frozenset({'whole milk'}),0.05002565418163161,0.4581836839404823,0.02719343252950231,0.5435897435897435,1.186401355270336,1.0,0.004272494005029746,1.1871256363101792,0.16538859364411312,0.05653333333333334,0.15762917637917626,0.30147012375455823
"frozenset({'root vegetables', 'sausage'})",frozenset({'whole milk'}),0.056182657773217036,0.4581836839404823,0.030528476141611083,0.54337899543379,1.1859413909299625,1.0,0.004786499029511126,1.186577732170344,0.16612113722901495,0.0630965005302227,0.15724021032240212,0.30500416736975056
frozenset({'candy'}),frozenset({'whole milk'}),0.053873781426372495,0.4581836839404823,0.029245767060030785,0.5428571428571429,1.1848024316109425,1.0,0.004561679418291102,1.1852231913801952,0.16485900216919738,0.06057385759829968,0.15627705627705638,0.30334346504559273
"frozenset({'margarine', 'rolls/buns'})",frozenset({'whole milk'}),0.044894817855310416,0.4581836839404823,0.024371472550025655,0.5428571428571428,1.1848024316109422,1.0,0.003801399515242585,1.185223191380195,0.1633091592801504,0.05091103965702037,0.15627705627705615,0.2980243161094225
frozenset({'shopping bags'}),frozenset({'whole milk'}),0.16829143150333503,0.4581836839404823,0.09132888660851719,0.5426829268292683,1.1844221997651108,1.0,0.014220498546701807,1.184771677783479,0.18721277613347298,0.17066155321188883,0.15595551552106435,0.3710055171660339
frozenset({'red/blush wine'}),frozenset({'whole milk'}),0.039763981528989224,0.4581836839404823,0.021549512570549,0.5419354838709678,1.1827908824910596,1.0,0.0033303050254554246,1.1828384364679614,0.16094169433736627,0.045234248788368334,0.15457600195503426,0.2944839793374996
"frozenset({'coffee', 'other vegetables'})",frozenset({'whole milk'}),0.04925602873268343,0.4581836839404823,0.02668034889687019,0.5416666666666666,1.182204180664427,1.0,0.004112040195851048,1.1821446895844023,0.16210718585246364,0.055496264674493055,0.154079861111111,0.29994867487868604
"frozenset({'tropical fruit', 'citrus fruit'})",frozenset({'whole milk'}),0.04643406875320677,0.4581836839404823,0.025141097998973832,0.5414364640883979,1.1817017564482502,1.0,0.0038657653172839146,1.181551243455093,0.16125029511401004,0.052434456928838954,0.15365498911769637,0.29815384234655057
"frozenset({'sausage', 'other vegetables'})",frozenset({'whole milk'}),0.09286813750641354,0.4581836839404823,0.050282195997947664,0.5414364640883979,1.1817017564482502,1.0,0.007731530634567829,1.181551243455093,0.16950434019761745,0.10040983606557378,0.15365498911769637,0.32558945264890216
"frozenset({'tropical fruit', 'sausage'})",frozenset({'whole milk'}),0.054643406875320676,0.4581836839404823,0.029502308876346844,0.539906103286385,1.1783616968702848,1.0,0.0044655914111537375,1.177621176741605,0.16011326765382572,0.06104033970276008,0.1508304879783753,0.3021479004673806
"frozenset({'pork', 'other vegetables'})",frozenset({'whole milk'}),0.05566957414058492,0.4581836839404823,0.030015392508978965,0.5391705069124424,1.1767562351314111,1.0,0.004508501945847957,1.1757414058491535,0.15906119899599927,0.06203605514316013,0.149472838988968,0.30234001269474303
frozenset({'cream cheese '}),frozenset({'whole milk'}),0.08850692662904053,0.4581836839404823,0.04771677783478707,0.5391304347826087,1.176668776474025,1.0,0.007164348137643307,1.1756391763555574,0.16472222474419623,0.09562982005141388,0.1493988801054018,0.32163688592433903
"frozenset({'root vegetables', 'pastry'})",frozenset({'whole milk'}),0.04669061056952283,0.4581836839404823,0.025141097998973832,0.5384615384615384,1.1752088896545783,1.0,0.00374822204279944,1.1739353514622883,0.1563893587574965,0.05240641711229947,0.1481643356643356,0.29666637953312086
"frozenset({'soda', 'margarine'})",frozenset({'whole milk'}),0.040533606977937404,0.4581836839404823,0.02180605438686506,0.5379746835443038,1.174146313804981,1.0,0.00323421701831806,1.172698327909641,0.15458320226486316,0.0457235072619688,0.1472657748369773,0.2927835343813344
frozenset({'bottled beer'}),frozenset({'whole milk'}),0.15879938429964083,0.4581836839404823,0.08542842483324782,0.5379644588045235,1.174123997995539,1.0,0.012669137927357993,1.1726723763665787,0.1762970655925825,0.16071428571428573,0.1472469036079699,0.3622073133888239
frozenset({'white bread'}),frozenset({'whole milk'}),0.0887634684453566,0.4581836839404823,0.04771677783478707,0.53757225433526,1.1732679996634061,1.0,0.007046804863158826,1.1716777834787069,0.16206529109754905,0.09558067831449125,0.14652303380627058,0.3208577957006647
frozenset({'frozen vegetables'}),frozenset({'whole milk'}),0.10261672652642381,0.4581836839404823,0.05515649050795279,0.5375,1.1731103023516236,1.0,0.008139180714162919,1.1714947374259843,0.16443948036751888,0.10908168442415017,0.14638967803030295,0.32894036954087347
frozenset({'beef'}),frozenset({'whole milk'}),0.11954848640328374,0.4581836839404823,0.06413545407901487,0.5364806866952789,1.1708856196742425,1.0,0.009360288169249671,1.1689185337209964,0.16576223776223764,0.12487512487512487,0.14450838860710094,0.33822914513935276
frozenset({'ice cream'}),frozenset({'whole milk'}),0.05643919958953309,0.4581836839404823,0.030271934325295024,0.5363636363636364,1.1706301537208592,1.0,0.004412413938710596,1.1686234267950384,0.15447783891392713,0.0625,0.14429235537190083,0.30121653262750686
frozenset({'herbs'}),frozenset({'whole milk'}),0.039250897896357106,0.4581836839404823,0.02103642893791688,0.5359477124183006,1.1697223869017557,1.0,0.0030523079417922525,1.1675760050296649,0.1510241297339541,0.04415724286483576,0.14352470786294308,0.2909301831968323
frozenset({'white wine'}),frozenset({'whole milk'}),0.044125192406362236,0.4581836839404823,0.023601847101077475,0.5348837209302325,1.1674001927133517,1.0,0.0033844038897478286,1.164905079527963,0.15001516954888086,0.049303322615219726,0.1415609584214234,0.29319773952446676
"frozenset({'curd', 'rolls/buns'})",frozenset({'whole milk'}),0.05002565418163161,0.4581836839404823,0.02668034889687019,0.5333333333333333,1.1640164240388204,1.0,0.0037594103723976244,1.1610349629846808,0.148325681879557,0.055407565263718705,0.1386994949494949,0.2957820082120194
"frozenset({'tropical fruit', 'pastry'})",frozenset({'whole milk'}),0.046177526936890714,0.4581836839404823,0.024628014366341714,0.5333333333333333,1.1640164240388204,1.0,0.0034702249591362713,1.1610349629846808,0.1477272727272727,0.05133689839572192,0.1386994949494949,0.2935423665546846
frozenset({'yogurt'}),frozenset({'whole milk'}),0.28296562339661363,0.4581836839404823,0.15059004617752694,0.5321849501359928,1.1615100423460805,1.0,0.020939814421151365,1.1581848771582328,0.19392624332206754,0.25499565595134666,0.13657998846122146,0.4304261816749393
"frozenset({'soda', 'domestic eggs'})",frozenset({'whole milk'}),0.0443817342226783,0.4581836839404823,0.023601847101077475,0.5317919075144508,1.160652214720789,1.0,0.003266860615263354,1.1572126256579822,0.14484388678144142,0.049276914836636314,0.13585457172884907,0.2916518328165759
"frozenset({'rolls/buns', 'canned beer'})",frozenset({'whole milk'}),0.06670087224217547,0.4581836839404823,0.03540277065161621,0.5307692307692308,1.1584201912309415,1.0,0.004841519285652799,1.1546905096350377,0.14652898949096102,0.07232704402515723,0.13396707459207455,0.30401843397364114
frozenset({'napkins'}),frozenset({'whole milk'}),0.08132375577219086,0.4581836839404823,0.043099025141098,0.5299684542586751,1.1566724718366828,1.0,0.0058378071295195275,1.1527233032944104,0.14744152338399757,0.0868217054263566,0.1324891262785585,0.3120167019333689
"frozenset({'root vegetables', 'soda'})",frozenset({'whole milk'}),0.08132375577219086,0.4581836839404823,0.043099025141098,0.5299684542586751,1.1566724718366828,1.0,0.0058378071295195275,1.1527233032944104,0.14744152338399757,0.0868217054263566,0.1324891262785585,0.3120167019333689
"frozenset({'soda', 'pip fruit'})",frozenset({'whole milk'}),0.06054386865059005,0.4581836839404823,0.032067727039507436,0.5296610169491525,1.1560014804410954,1.0,0.004327514261171412,1.151969825135551,0.14364609503003814,0.06589351607801791,0.13192170647149443,0.2998249093704329
"frozenset({'root vegetables', 'whipped/sour cream'})",frozenset({'whole milk'}),0.04027706516162134,0.4581836839404823,0.02129297075423294,0.5286624203821657,1.1538220126817929,1.0,0.0028386766601704166,1.1495292110992474,0.13891009104581925,0.044623655913978495,0.13007865276973574,0.28756749238593166
"frozenset({'root vegetables', 'rolls/buns'})",frozenset({'whole milk'}),0.09081580297588507,0.4581836839404823,0.04797331965110313,0.5282485875706214,1.152918809826586,1.0,0.006363000483599092,1.1485208136830496,0.14588488791781842,0.09575012800819252,0.1293148647491867,0.3164759175255123
frozenset({'canned beer'}),frozenset({'whole milk'}),0.16521292970754234,0.4581836839404823,0.08722421754746024,0.5279503105590062,1.1522678110632734,1.0,0.011526348779458531,1.1477950905997678,0.15829928775443783,0.16267942583732056,0.1287643515904385,0.35915992571623323
frozenset({'domestic eggs'}),frozenset({'whole milk'}),0.1331452026680349,0.4581836839404823,0.07029245767060031,0.5279383429672447,1.152241691425711,1.0,0.009287498213157955,1.1477659919791416,0.15242059694592844,0.13490891186607584,0.1287422636772348,0.34067689824734015
"frozenset({'tropical fruit', 'bottled water'})",frozenset({'whole milk'}),0.05643919958953309,0.4581836839404823,0.029758850692662903,0.5272727272727272,1.150788964674743,1.0,0.0038993303060784745,1.146149899356672,0.13886857550017814,0.061375661375661375,0.12751377410468306,0.2961111676677186
"frozenset({'soda', 'brown bread'})",frozenset({'whole milk'}),0.04720369420215495,0.4581836839404823,0.024884556182657773,0.5271739130434783,1.1505732995764155,1.0,0.003256593677514432,1.145910369597141,0.13735156471195642,0.051788574479444745,0.12733139822134384,0.2907426116169239
"frozenset({'pastry', 'canned beer'})",frozenset({'whole milk'}),0.03796818881477681,0.4581836839404823,0.020010261672652643,0.5270270270270271,1.1502527163221452,1.0,0.0026138570489503896,1.1455544968115519,0.13578119658119656,0.04202586206896552,0.127060298935299,0.2853500196725281
frozenset({'curd'}),frozenset({'whole milk'}),0.12083119548486403,0.4581836839404823,0.06362237044638276,0.5265392781316348,1.149188189337689,1.0,0.008259488164195188,1.1443743715875914,0.14766277285691426,0.12344449975111996,0.12616008814257218,0.332698530443197
"frozenset({'tropical fruit', 'rolls/buns'})",frozenset({'whole milk'}),0.08825038481272447,0.4581836839404823,0.04643406875320677,0.5261627906976744,1.1483664939191123,1.0,0.005999182330547477,1.1434651087391048,0.1417032244424614,0.09286813750641354,0.12546522639182509,0.3137532878460376
frozenset({'bottled water'}),frozenset({'whole milk'}),0.21369933299127758,0.4581836839404823,0.11236531554643407,0.5258103241296519,1.1475972247801696,1.0,0.014451767900866663,1.1426151677913374,0.16356864585428352,0.20082530949105915,0.12481469860671544,0.3855255428039077
"frozenset({'newspapers', 'soda'})",frozenset({'whole milk'}),0.049769112365315546,0.4581836839404823,0.02616726526423807,0.5257731958762887,1.1475161912238372,1.0,0.003363870014249981,1.1425257099515918,0.1352856477364163,0.05431309904153355,0.12474617307091534,0.2914420290691634
"frozenset({'soda', 'bottled water'})",frozenset({'whole milk'}),0.07619291944586967,0.4581836839404823,0.04002052334530529,0.5252525252525253,1.1463798115533839,1.0,0.005110170823416305,1.1412726657423886,0.1382201525217354,0.08095485210171251,0.123785200489746,0.30629927494429177
frozenset({'hygiene articles'}),frozenset({'whole milk'}),0.05233453052847614,0.4581836839404823,0.02744997434581837,0.5245098039215687,1.1447587993764134,1.0,0.0034711463509855336,1.1394899842901198,0.13343689438290937,0.0568242166755178,0.12241440136660726,0.2922101091276376
frozenset({'butter'}),frozenset({'whole milk'}),0.12647511544381734,0.4581836839404823,0.06618778860954336,0.5233265720081136,1.142176359287585,1.0,0.008238954288697337,1.1366614630525202,0.14250133752233943,0.1276595744680851,0.12023057655664147,0.33389172945310497
"frozenset({'fruit/vegetable juice', 'soda'})",frozenset({'whole milk'}),0.044125192406362236,0.4581836839404823,0.023088763468445357,0.5232558139534884,1.1420219276543662,1.0,0.002871320257115711,1.136492760515086,0.13010079322478674,0.048179871520342615,0.12009998238195917,0.286823875621761
"frozenset({'citrus fruit', 'bottled water'})",frozenset({'whole milk'}),0.04515135967162647,0.4581836839404823,0.023601847101077475,0.5227272727272727,1.1408683701516849,1.0,0.002914230791809934,1.1352341860294657,0.12931336588556885,0.04919786096256684,0.11912448347107431,0.28711951542298686
frozenset({'onions'}),frozenset({'whole milk'}),0.07619291944586967,0.4581836839404823,0.039763981528989224,0.521885521885522,1.1390312230177853,1.0,0.004853629007100242,1.1332355342934985,0.13212817228189294,0.0803941908713693,0.11757091113151728,0.30433581805362325
"frozenset({'root vegetables', 'rolls/buns', 'other vegetables'})",frozenset({'whole milk'}),0.041303232426885585,0.4581836839404823,0.021549512570549,0.5217391304347826,1.1387117191684113,1.0,0.002625045378548574,1.1328886608517188,0.12706270627062696,0.04508856682769726,0.1173007246376811,0.284385802619407
"frozenset({'tropical fruit', 'whipped/sour cream'})",frozenset({'whole milk'}),0.0418163160595177,0.4581836839404823,0.02180605438686506,0.5214723926380368,1.1381295557128037,1.0,0.002646500645895687,1.132257173303864,0.12666194188518787,0.04560085836909871,0.11680842163970993,0.28453238892820093
"frozenset({'soda', 'bottled beer'})",frozenset({'whole milk'}),0.05515649050795279,0.4581836839404823,0.028732683427398667,0.5209302325581395,1.1369462746425687,1.0,0.0034608794132366116,1.1309758053669545,0.1274824483146504,0.05929062996294335,0.1158077871740662,0.29182009948175736
"frozenset({'root vegetables', 'frankfurter'})",frozenset({'whole milk'}),0.038994356080041044,0.4581836839404823,0.020266803488968702,0.5197368421052632,1.1343416632286203,1.0,0.0024002257673285503,1.1281654800143384,0.12323693796589778,0.04249596557288865,0.11360521331738435,0.281984882418813
frozenset({'sausage'}),frozenset({'whole milk'}),0.2060030785017958,0.4581836839404823,0.10697793740379682,0.5193026151930261,1.1333939496206136,1.0,0.012590687992763652,1.1271463777093076,0.14823010735192135,0.19198895027624308,0.1128037850484923,0.3763926289850909
frozenset({'hard cheese'}),frozenset({'whole milk'}),0.05336069779374038,0.4581836839404823,0.027706516162134428,0.5192307692307693,1.1332371435954862,1.0,0.0032575150693636944,1.126977937403797,0.1241995382916792,0.05726405090137858,0.11267118298368303,0.28985054698940477
frozenset({'grapes'}),frozenset({'whole milk'}),0.05489994869163674,0.4581836839404823,0.028476141611082608,0.5186915887850467,1.1320603656685957,1.0,0.0033218808714050273,1.1257154527838524,0.12343124883841504,0.058761249338274216,0.1116760478617955,0.29042082238804406
frozenset({'frozen meals'}),frozenset({'whole milk'}),0.06285274499743458,0.4581836839404823,0.03258081067213956,0.5183673469387755,1.1313526978540576,1.0,0.0037827084234432623,1.1249576053778123,0.1238891128206565,0.0667016806722689,0.11107761286332711,0.29473798477957813
"frozenset({'soda', 'sausage'})",frozenset({'whole milk'}),0.07721908671113391,0.4581836839404823,0.04002052334530529,0.5182724252491695,1.1311455283433722,1.0,0.004639997725478413,1.1247359388545852,0.1256424513305249,0.0807871569135163,0.11090242122218875,0.30280922494261386
"frozenset({'root vegetables', 'tropical fruit'})",frozenset({'whole milk'}),0.057465366854797334,0.4581836839404823,0.029758850692662903,0.5178571428571428,1.1302391617341223,1.0,0.003429157208140573,1.12376717404937,0.12225705329153594,0.06124604012671594,0.11013595779220764,0.2914033754599264
frozenset({'newspapers'}),frozenset({'whole milk'}),0.13981528989225245,0.4581836839404823,0.07234479220112879,0.5174311926605504,1.129309512312892,1.0,0.008283707607090074,1.1227752557126887,0.13311462372005153,0.1376281112737921,0.1093498053933832,0.33766296475132784
"frozenset({'chicken', 'other vegetables'})",frozenset({'whole milk'}),0.03873781426372499,0.4581836839404823,0.020010261672652643,0.5165562913907285,1.1274000133488575,1.0,0.002261227225496966,1.1207433386984544,0.11755729369820643,0.04195804195804196,0.10773504916716829,0.2801146518543788
frozenset({'UHT-milk'}),frozenset({'whole milk'}),0.07850179579271421,0.4581836839404823,0.040533606977937404,0.5163398692810458,1.1269276654297404,1.0,0.0045653649856881515,1.1202418426635976,0.12222660765132079,0.08169596690796276,0.10733561101208167,0.30240285737288575
frozenset({'whipped/sour cream'}),frozenset({'whole milk'}),0.15469471523858389,0.4581836839404823,0.0797845048742945,0.5157545605306799,1.1256502110574413,1.0,0.008905910360156269,1.1188878033694836,0.1320523642467149,0.1496631376323388,0.10625533946429462,0.34494334969423135
frozenset({'brown bread'}),frozenset({'whole milk'}),0.13596716264751155,0.4581836839404823,0.06977937403796819,0.5132075471698113,1.1200912759618837,1.0,0.00748143856119661,1.1130335174866062,0.12408743188486798,0.13307240704500978,0.10155445969125211,0.33275158993428977
frozenset({'pastry'}),frozenset({'whole milk'}),0.1775269368907132,0.4581836839404823,0.09107234479220112,0.5130057803468208,1.119650913657283,1.0,0.00973239884894464,1.11257237600352,0.12993067575760225,0.1672162034856335,0.10118206997722881,0.3558869887176433
"frozenset({'fruit/vegetable juice', 'rolls/buns'})",frozenset({'whole milk'}),0.05361723961005644,0.4581836839404823,0.02744997434581837,0.5119617224880383,1.1173722252286524,1.0,0.002883429978563161,1.1101922554552863,0.1109942921998465,0.056673728813559324,0.09925511091779032,0.28593606841087243
frozenset({'rolls/buns'}),frozenset({'whole milk'}),0.3496664956387891,0.4581836839404823,0.17855310415597742,0.5106382978723404,1.1144838102499344,1.0,0.018341621033638428,1.1071898632520578,0.1579552925706771,0.2837342030167142,0.09681254029658275,0.45016797312430007
"frozenset({'citrus fruit', 'sausage'})",frozenset({'whole milk'}),0.039250897896357106,0.4581836839404823,0.020010261672652643,0.5098039215686275,1.112662758272402,1.0,0.002026140676528017,1.1053052847614164,0.10539180445722503,0.04191295002686728,0.09527257872846119,0.2767384669433283
frozenset({'pip fruit'}),frozenset({'whole milk'}),0.17060030785017957,0.4581836839404823,0.08696767573114418,0.5097744360902257,1.1125984053077824,1.0,0.008801398198968524,1.1052388042318386,0.12201969548908895,0.16051136363636362,0.09521815903394865,0.3497920332746761
"frozenset({'coffee', 'rolls/buns'})",frozenset({'whole milk'}),0.04284248332478194,0.4581836839404823,0.02180605438686506,0.5089820359281437,1.110868967552018,1.0,0.002176327547957789,1.1034551802675545,0.10427105176029143,0.045503211991434686,0.09375567047722735,0.2782872105732544
frozenset({'margarine'}),frozenset({'whole milk'}),0.11698306824012314,0.4581836839404823,0.059517701385325805,0.5087719298245614,1.1104104045107168,1.0,0.005917968220405349,1.1029832148354468,0.11260494099260646,0.11542288557213931,0.09336788942052102,0.3193355729749907
frozenset({'specialty chocolate'}),frozenset({'whole milk'}),0.05849153412006157,0.4581836839404823,0.029758850692662903,0.5087719298245614,1.1104104045107168,1.0,0.0029589841102026747,1.1029832148354468,0.10560932068025923,0.06111696522655427,0.09336788942052102,0.2868607689436357
"frozenset({'soda', 'butter'})",frozenset({'whole milk'}),0.0443817342226783,0.4581836839404823,0.022575679835813236,0.5086705202312138,1.11018907495032,1.0,0.002240693349999115,1.1027555609211361,0.10386211104331897,0.04703367183324425,0.09318072341916264,0.27897131834629
frozenset({'other vegetables'}),frozenset({'whole milk'}),0.3766033863519754,0.4581836839404823,0.1913801949717804,0.5081743869209809,1.1091062487222754,1.0,0.01882666802857158,1.1016431467802936,0.15780182923465622,0.2974481658692185,0.09226503798199982,0.462933778006963
"frozenset({'coffee', 'soda'})",frozenset({'whole milk'}),0.043099025141098,0.4581836839404823,0.02180605438686506,0.5059523809523809,1.1042566522689703,1.0,0.002058784273473311,1.0966884469638432,0.09866582557956148,0.0454788657035848,0.08816400613275606,0.276772383085373
frozenset({'pork'}),frozenset({'whole milk'}),0.13237557721908672,0.4581836839404823,0.06695741405849154,0.5058139534883721,1.103954530065887,1.0,0.006305084424502602,1.0963812513204358,0.10853266447793256,0.12787849093581577,0.0879085183227625,0.3259752858147348
"frozenset({'root vegetables', 'pip fruit'})",frozenset({'whole milk'}),0.044638276038994354,0.4581836839404823,0.022575679835813236,0.5057471264367815,1.1038086779678469,1.0,0.0021231500755146404,1.09623301156228,0.09844009374084549,0.047008547008547,0.08778517938000682,0.2775096214490739
"frozenset({'soda', 'pastry'})",frozenset({'whole milk'}),0.06310928681375064,0.4581836839404823,0.03155464340687532,0.5,1.0912653975363942,1.0,0.0026389978836945487,1.0836326321190355,0.08926615553121574,0.06443163960188579,0.07717803030303028,0.284434490481523
